,날짜,시가,고가,저가,종가,거래량
0,2019-02-13,15600,15600,14950,15300,3961223
1,2019-02-14,15250,16000,15200,16000,2626606
2,2019-02-15,15800,15850,15600,15650,1276624
3,2019-02-18,15700,15800,15650,15750,1034314
4,2019-02-19,15800,15850,15550,15550,974123
5,2019-02-20,15400,15500,15100,15250,2923220
6,2019-02-21,15200,15250,15050,15100,883514
7,2019-02-22,14950,15000,14750,14850,1546763
8,2019-02-25,14900,15050,14850,14900,905856
9,2019-02-26,14900,14950,14700,14700,890582
10,2019-02-27,14650,14850,14500,14800,1573961
11,2019-02-28,14800,14800,14600,14800,2377878
12,2019-03-04,14700,14750,14350,14400,1547446
13,2019-03-05,14400,14400,14150,14250,1286767
14,2019-03-06,14350,14450,14150,14350,1117292
15,2019-03-07,14400,14450,14150,14200,905411
16,2019-03-08,14150,14200,14000,14000,651905
17,2019-03-11,13950,14200,13950,14150,663971
18,2019-03-12,14200,14450,14150,14400,841522
19,2019-03-13,14300,14550,14250,14550,715885
20,2019-03-14,14550,14600,14350,14350,1578814
21,2019-03-15,14400,14850,14350,14850,3539125
22,2019-03-18,14900,15000,14750,14950,763184
23,2019-03-19,15000,15050,14800,14900,995019
24,2019-03-20,14800,15000,14750,15000,581438
25,2019-03-21,14800,15000,14600,14650,1055925
26,2019-03-22,14500,14550,14000,14050,23513784
27,2019-03-25,13900,14000,13350,13400,3167652
28,2019-03-26,13500,13550,13350,13350,1318663
29,2019-03-27,13450,13650,13450,13500,1587553
30,2019-03-28,13450,13650,13450,13550,1634096
31,2019-03-29,13600,13850,13550,13750,1995723
32,2019-04-01,13850,14250,13800,14150,2079046
33,2019-04-02,14150,14350,14150,14250,1444377
34,2019-04-03,14100,14400,14100,14400,1241047
35,2019-04-04,14450,14600,14350,14450,1666798
36,2019-04-05,14500,14600,14350,14400,887367
37,2019-04-08,14350,14500,14300,14300,1227406
38,2019-04-09,14400,14450,14300,14350,1097314
39,2019-04-10,14250,14350,14050,14350,1718389
40,2019-04-11,14350,14450,14250,14350,1882279
41,2019-04-12,14400,14450,14250,14300,1110551
42,2019-04-15,14300,14450,14250,14300,1040210
43,2019-04-16,14200,14350,14150,14200,1062403
44,2019-04-17,14250,14300,14150,14150,794666
45,2019-04-18,14150,14150,13950,14000,1096357
46,2019-04-19,13950,14050,13950,13950,468664
47,2019-04-22,13900,13950,13850,13850,580501
48,2019-04-23,13900,14100,13750,14000,1324375
49,2019-04-24,14000,14050,13750,13850,1066707
50,2019-04-25,13800,14000,13750,14000,751660
51,2019-04-26,14000,14100,13800,13850,868559
52,2019-04-29,13850,14000,13800,14000,497794
53,2019-04-30,14100,14150,13850,13850,1246644
54,2019-05-02,13850,14200,13800,14200,853449
55,2019-05-03,14200,14200,13900,13950,642365
56,2019-05-07,13800,14050,13800,14050,1016057
57,2019-05-08,13900,14200,13850,14050,956350
58,2019-05-09,14050,14150,13850,13850,1642027
59,2019-05-10,13900,14050,13750,13800,1087540
60,2019-05-13,13750,13800,13500,13600,1163225
61,2019-05-14,13400,13700,13400,13700,1037129
62,2019-05-15,13700,13900,13500,13850,1292151
63,2019-05-16,13750,13950,13750,13800,1058541
64,2019-05-17,13900,13950,13700,13700,888163
65,2019-05-20,13750,13850,13700,13750,668952
66,2019-05-21,13750,13900,13750,13850,754764
67,2019-05-22,13900,14050,13800,14050,976568
68,2019-05-23,14050,14050,13900,13950,831364
69,2019-05-24,13950,14250,13950,14250,1131257
70,2019-05-27,14200,14250,14000,14100,761694
71,2019-05-28,14100,14200,14000,14150,1802813
72,2019-05-29,14200,14250,13900,14000,1059910
73,2019-05-30,14000,14150,13950,14100,751578
74,2019-05-31,14000,14100,13800,13900,1308995
75,2019-06-03,13850,14000,13800,14000,1202772
76,2019-06-04,14050,14150,14000,14100,826032
77,2019-06-05,14050,14100,13800,13850,1052753
78,2019-06-07,13850,13900,13650,13750,1239993
79,2019-06-10,13850,13900,13800,13850,1407551
80,2019-06-11,13850,13900,13800,13900,939500
81,2019-06-12,14000,14150,13900,14000,1600476
82,2019-06-13,14000,14100,13800,14000,1341715
83,2019-06-14,14000,14050,13800,13950,1081193
84,2019-06-17,14000,14100,13900,14100,859315
85,2019-06-18,14100,14200,13950,14100,1652139
86,2019-06-19,14200,14400,14100,14400,1444829
87,2019-06-20,14450,14500,14300,14400,1042219
88,2019-06-21,14350,14450,14000,14000,1737283
89,2019-06-24,14050,14150,13950,14050,1214007
90,2019-06-25,14100,14200,13900,13950,904327
91,2019-06-26,13950,14050,13850,14000,983283
92,2019-06-27,14000,14150,14000,14100,756827
93,2019-06-28,14150,14200,14000,14050,770307
94,2019-07-01,14150,14150,14000,14000,478943
95,2019-07-02,14000,14050,13900,14050,435041
96,2019-07-03,14100,14100,13850,13900,472116
97,2019-07-04,13950,14000,13800,14000,456111
98,2019-07-05,13900,14050,13900,14050,282197
99,2019-07-08,13950,14000,13800,13850,533811
100,2019-07-09,13800,13900,13700,13700,483705
101,2019-07-10,13700,13750,13600,13650,569165
102,2019-07-11,13600,13900,13600,13900,1253848
103,2019-07-12,13850,13900,13700,13850,730021
104,2019-07-15,13900,13900,13750,13800,762992
105,2019-07-16,13850,13900,13800,13900,587929
106,2019-07-17,13950,13950,13750,13800,605969
107,2019-07-18,13750,13900,13700,13800,569429
108,2019-07-19,13800,13900,13750,13800,650271
109,2019-07-22,13850,13900,13750,13800,870625
110,2019-07-23,13800,14050,13800,14000,998112
111,2019-07-24,14000,14100,13950,14000,662109
112,2019-07-25,13950,13950,13650,13700,947044
113,2019-07-26,13700,13750,13500,13500,1269303
114,2019-07-29,13550,13600,13100,13150,1553930
115,2019-07-30,13250,13250,13000,13050,639595
116,2019-07-31,13050,13300,13000,13100,1290810
117,2019-08-01,13150,13250,13050,13100,652975
118,2019-08-02,13000,13100,12550,12550,1241170
119,2019-08-05,12500,12600,12300,12500,1470271
120,2019-08-06,12400,12500,12050,12250,1625781
121,2019-08-07,12350,12400,12100,12100,1121069
122,2019-08-08,12050,12300,12050,12100,1534108
123,2019-08-09,12200,12300,12100,12150,861928
124,2019-08-12,12100,12150,11950,11950,722677
125,2019-08-13,11850,11950,11700,11750,990288
126,2019-08-14,11750,11850,11550,11600,889434
127,2019-08-16,11500,11550,11300,11300,1092746
128,2019-08-19,11250,11700,11200,11600,1232386
129,2019-08-20,11550,11700,11450,11600,974023
130,2019-08-21,11550,11700,11450,11600,1046215
131,2019-08-22,11600,11750,11550,11650,1223589
132,2019-08-23,11550,11650,11450,11550,569768
133,2019-08-26,11400,11650,11350,11550,673615
134,2019-08-27,11550,11600,11200,11250,2245704
135,2019-08-28,11300,11400,11150,11200,892865
136,2019-08-29,11250,11300,11100,11250,715036
137,2019-08-30,11350,11950,11350,11900,1603022
138,2019-09-02,11750,12050,11600,11900,863743
139,2019-09-03,11850,12000,11800,11900,921949
140,2019-09-04,11850,12100,11800,12100,1184417
141,2019-09-05,12000,12350,11950,12050,1347959
142,2019-09-06,12050,12250,12050,12050,785871
143,2019-09-09,12050,12200,12050,12100,730744
144,2019-09-10,12200,12350,12150,12350,1216701
145,2019-09-11,12400,12600,12350,12450,2048866
146,2019-09-16,12600,12800,12550,12600,1163504
147,2019-09-17,12550,12750,12500,12550,1142962
148,2019-09-18,12550,12700,12450,12550,875409
149,2019-09-19,12500,12600,12300,12400,929961
150,2019-09-20,12300,12600,12300,12600,1749478
151,2019-09-23,12500,12600,12400,12500,700538
152,2019-09-24,12450,12600,12400,12600,1061042
153,2019-09-25,12450,12600,12400,12400,1693306
154,2019-09-26,12450,12600,12450,12600,30155427
155,2019-09-27,12600,12600,12050,12100,1997186
156,2019-09-30,12050,12450,12050,12450,1380560
157,2019-10-01,12350,12450,12300,12300,886532
158,2019-10-02,12250,12250,11850,11900,1619725
159,2019-10-04,11850,12050,11800,11900,1042925
160,2019-10-07,11900,12000,11700,11750,841138
161,2019-10-08,11700,11900,11700,11750,1731014
162,2019-10-10,11550,11600,11200,11200,3462956
163,2019-10-11,11300,11600,11250,11500,1938779
164,2019-10-14,11650,11950,11600,11800,2122477
165,2019-10-15,11750,11850,11600,11700,1611444
166,2019-10-16,11900,11950,11700,11800,1307273
167,2019-10-17,11950,12350,11850,12100,2135317
168,2019-10-18,12150,12250,11950,12050,1700727
169,2019-10-21,12100,12250,12050,12150,804460
170,2019-10-22,12200,12600,12200,12600,1925935
171,2019-10-23,12500,12550,12250,12350,1135216
172,2019-10-24,12250,12500,12200,12450,1144400
173,2019-10-25,12300,12400,12150,12400,1272854
174,2019-10-28,12400,12400,11950,12000,1099262
175,2019-10-29,12050,12150,11850,12100,1311060
176,2019-10-30,12150,12150,11700,11800,1281450
177,2019-10-31,11800,11900,11750,11750,1519943
178,2019-11-01,11750,11850,11700,11800,581586
179,2019-11-04,11900,12150,11850,12100,1015567
180,2019-11-05,12100,12100,12000,12100,714150
181,2019-11-06,12100,12200,12050,12100,963605
182,2019-11-07,12100,12300,12050,12300,695662
183,2019-11-08,12250,12400,12200,12300,999480
184,2019-11-11,12300,12350,12150,12200,624398
185,2019-11-12,12250,12400,12200,12400,680939
186,2019-11-13,12250,12350,12100,12100,793155
187,2019-11-14,12050,12100,11900,12000,1328495
188,2019-11-15,12050,12450,12000,12400,1298618
189,2019-11-18,12400,12450,12150,12250,888420
190,2019-11-19,12200,12300,12100,12200,821362
191,2019-11-20,12100,12350,12050,12250,1449259
192,2019-11-21,12300,12300,11800,11850,1868546
193,2019-11-22,11950,12150,11900,12050,15109269
194,2019-11-25,12050,12100,11950,11950,1311740
195,2019-11-26,12050,12100,11850,11850,3336907
196,2019-11-27,11950,12000,11800,11850,1010301
197,2019-11-28,11900,11950,11800,11800,864934
198,2019-11-29,11850,11950,11700,11700,2307378
199,2019-12-02,11700,11800,11650,11700,971068
200,2019-12-03,11650,11650,11500,11550,1308107
201,2019-12-04,11500,11650,11400,11550,1617238
202,2019-12-05,11550,11700,11400,11400,1281630
203,2019-12-06,11450,11550,11300,11350,1360666
204,2019-12-09,11400,11500,11350,11450,1051592
205,2019-12-10,11450,11500,11250,11350,1702639
206,2019-12-11,11350,11400,11300,11350,1484637
207,2019-12-12,11400,11800,11350,11800,2918833
208,2019-12-13,11850,12200,11850,12150,2382907
209,2019-12-16,12150,12250,11850,11950,2306051
210,2019-12-17,11900,11950,11750,11850,1614260
211,2019-12-18,11900,12100,11850,11900,2104541
212,2019-12-19,11850,12050,11850,12000,1309646
213,2019-12-20,12050,12100,11950,12000,1972978
214,2019-12-23,12000,12200,11900,12150,1542617
215,2019-12-24,12200,12200,12000,12050,1307048
216,2019-12-26,12050,12250,12050,12250,2046748
217,2019-12-27,11650,11750,11600,11650,2953576
218,2019-12-30,11650,11700,11600,11600,1026472
219,2020-01-02,11600,11750,11400,11400,1549105
220,2020-01-03,11500,11550,11300,11300,1670932
221,2020-01-06,11250,11350,11000,11050,1734281
222,2020-01-07,11100,11150,11050,11100,1934745
223,2020-01-08,11000,11000,10600,10650,2640130
224,2020-01-09,10750,10800,10650,10650,2972119
225,2020-01-10,10650,10650,10350,10500,3032036
226,2020-01-13,10400,10600,10350,10600,1568122
227,2020-01-14,10600,10700,10550,10650,1971660
228,2020-01-15,10600,10750,10550,10750,1329641
229,2020-01-16,10700,10750,10500,10650,1667843
230,2020-01-17,10650,10700,10550,10650,1196984
231,2020-01-20,10600,11050,10600,10900,2230983
232,2020-01-21,10900,11050,10650,10750,1902860
233,2020-01-22,10800,10900,10750,10850,2175931
234,2020-01-23,10700,10800,10650,10800,1655312
235,2020-01-28,10500,10600,10250,10350,2165380
236,2020-01-29,10400,10450,10300,10400,1349069
237,2020-01-30,10400,10550,10300,10400,1723167
238,2020-01-31,10350,10450,10150,10150,2269107
239,2020-02-03,10100,10300,10000,10100,2008530
240,2020-02-04,10100,10300,10000,10150,1994252
241,2020-02-05,10250,10350,10200,10250,1501623
242,2020-02-06,10350,10600,10250,10500,1456961
243,2020-02-07,10400,10500,10250,10300,1449936
244,2020-02-10,10300,10300,10100,10150,2081767
245,2020-02-11,10200,10400,10150,10350,1714546
246,2020-02-12,10300,10450,10250,10350,2691818
247,2020-02-13,10400,10450,10250,10300,3613607
248,2020-02-14,10300,10450,10200,10200,1600077
249,2020-02-17,10250,10350,10100,10250,1524835
250,2020-02-18,10250,10250,10050,10100,1732291
251,2020-02-19,10150,10200,9980,10050,2470480
252,2020-02-20,10050,10100,9920,9950,2027448
253,2020-02-21,9900,9920,9780,9810,1934880
254,2020-02-24,9630,9650,9400,9400,2931508
255,2020-02-25,9330,9940,9330,9790,2806191
256,2020-02-26,9680,9870,9650,9810,2313423
257,2020-02-27,9800,9970,9760,9910,1695039
258,2020-02-28,9900,9900,9560,9610,7798094
259,2020-03-02,9610,9690,9410,9490,2018623
260,2020-03-03,9630,9700,9440,9470,1895258
261,2020-03-04,9550,9630,9430,9630,2467520
262,2020-03-05,9640,9700,9410,9410,2396057
263,2020-03-06,9350,9390,9160,9200,2482103
264,2020-03-09,9060,9080,8550,8600,3813212
265,2020-03-10,8350,8590,8340,8500,3053823
266,2020-03-11,8500,8850,8450,8570,2784860
267,2020-03-12,8520,8570,8050,8220,4539764
268,2020-03-13,7400,8010,7310,7770,4111531
269,2020-03-16,7910,8120,7620,7630,2427785
270,2020-03-17,7220,7450,7100,7310,3269796
271,2020-03-18,7310,7350,6970,7000,3167429
272,2020-03-19,7200,7220,6450,6560,3761628
273,2020-03-20,6700,7440,6320,7440,4574529
274,2020-03-23,6720,6860,6450,6560,3892290
275,2020-03-24,6710,6970,6570,6950,3259220
276,2020-03-25,7220,7660,7180,7410,5753690
277,2020-03-26,7490,7620,7280,7300,5269532
278,2020-03-27,7610,7760,7350,7600,4177831
279,2020-03-30,7280,7580,7200,7490,2592138
280,2020-03-31,7600,7760,7450,7650,3074550
281,2020-04-01,7510,7640,7270,7270,2763532
282,2020-04-02,7220,7430,7150,7390,2165739
283,2020-04-03,7310,7450,7210,7300,2023409
284,2020-04-06,7400,7620,7330,7620,2366158
285,2020-04-07,7810,7890,7590,7750,3045444
286,2020-04-08,7720,7720,7510,7540,3252387
287,2020-04-09,7680,7720,7570,7640,2442384
288,2020-04-10,7760,8000,7670,7970,4688039
289,2020-04-13,7990,8200,7900,7900,3178099
290,2020-04-14,7970,8160,7930,8160,2682703
291,2020-04-16,8030,8100,7910,8100,2905308
292,2020-04-17,8150,8300,8120,8220,2787177
293,2020-04-20,8220,8260,8070,8120,2466401
294,2020-04-21,8060,8100,7800,7940,2860195
295,2020-04-22,7800,8030,7760,7970,2288429
296,2020-04-23,7940,7990,7840,7910,2029649
297,2020-04-24,7820,7890,7800,7850,1974492
298,2020-04-27,7920,8420,7900,8330,4592760
299,2020-04-28,8430,8850,8280,8430,4589743
300,2020-04-29,8450,8600,8400,8440,2538326
301,2020-05-04,8200,8240,8000,8000,3931182
302,2020-05-06,8100,8140,8020,8060,2677849
303,2020-05-07,7960,8060,7930,8020,2066022
304,2020-05-08,8120,8130,8060,8070,1686237
305,2020-05-11,8070,8140,8000,8010,1573880
306,2020-05-12,7960,7980,7800,7850,1968981
307,2020-05-13,7750,8010,7710,8010,1497535
308,2020-05-14,7930,7930,7760,7810,2275911
309,2020-05-15,7950,7980,7820,7950,1395328
310,2020-05-18,7950,7970,7700,7850,1764831
311,2020-05-19,8120,8230,8070,8150,3188327
312,2020-05-20,8100,8160,8040,8070,1647548
313,2020-05-21,8110,8120,8020,8040,2075269
314,2020-05-22,8020,8070,7800,7830,2688790
315,2020-05-25,7850,8030,7780,8030,2144354
316,2020-05-26,8010,8250,7970,8190,3097687
317,2020-05-27,8300,8420,8200,8360,3668870
318,2020-05-28,8510,8970,8500,8740,7434397
319,2020-05-29,8630,9130,8550,9130,6520075
320,2020-06-01,9040,9220,8970,9120,2899332
321,2020-06-02,9070,9880,9060,9700,4494389
322,2020-06-03,9900,10350,9870,10350,4612618
323,2020-06-04,10500,10750,9960,10000,3975345
324,2020-06-05,10000,10200,9910,10050,2363632
325,2020-06-08,10300,10400,10000,10050,2200043
326,2020-06-09,10000,10100,9770,9850,2476324
327,2020-06-10,9850,9850,9610,9830,2080846
328,2020-06-11,9640,9710,9340,9550,3509186
329,2020-06-12,9020,9350,9020,9350,2944281
330,2020-06-15,9150,9450,8880,8880,2780928
331,2020-06-16,9010,9480,9010,9440,2269007
332,2020-06-17,9390,9420,9140,9280,1774921
333,2020-06-18,9120,9350,9120,9220,1511173
334,2020-06-19,9340,9410,9120,9310,3300875
335,2020-06-22,9160,9310,9130,9190,1473189
336,2020-06-23,9170,9260,8980,9160,1770308
337,2020-06-24,9160,9340,9130,9250,1618665
338,2020-06-25,9010,9130,8890,8890,1777052
339,2020-06-26,9020,9050,8940,8940,1258950
340,2020-06-29,8710,8770,8620,8690,1644839
341,2020-06-30,8700,8960,8700,8810,1507048
342,2020-07-01,8830,9050,8830,8930,870901
343,2020-07-02,8930,9010,8890,8920,852921
344,2020-07-03,8950,8990,8880,8950,682717
345,2020-07-06,9100,9100,8850,9060,1133052
346,2020-07-07,9150,9160,8910,8930,1441525
347,2020-07-08,8980,8980,8780,8810,1711153
348,2020-07-09,8810,8830,8710,8710,2074990
349,2020-07-10,8700,8700,8390,8410,2350749
350,2020-07-13,8440,8610,8400,8600,1955637
351,2020-07-14,8520,8550,8420,8500,1966804
352,2020-07-15,8590,8830,8580,8790,2362682
353,2020-07-16,8730,8910,8720,8890,1888066
354,2020-07-17,8890,8930,8800,8820,1170759
355,2020-07-20,8800,9000,8720,8970,1509594
356,2020-07-21,8960,9070,8850,8940,1532040
357,2020-07-22,9000,9200,8860,8860,2029753
358,2020-07-23,8860,8880,8770,8820,1475174
359,2020-07-24,8900,8900,8750,8800,709116
360,2020-07-27,8720,8940,8720,8780,780121
361,2020-07-28,8750,8790,8630,8680,2168806
362,2020-07-29,8570,8730,8560,8670,1462380
363,2020-07-30,8680,8850,8650,8680,1842447
364,2020-07-31,8660,8700,8470,8500,2645106
365,2020-08-03,8490,8510,8390,8390,1485135
366,2020-08-04,8380,8570,8380,8570,1390921
367,2020-08-05,8570,8610,8500,8560,1170169
368,2020-08-06,8550,8790,8550,8670,2423276
369,2020-08-07,8680,8710,8530,8640,1753193
370,2020-08-10,8650,8890,8600,8890,2647901
371,2020-08-11,8990,9100,8900,9050,3535877
372,2020-08-12,9150,9300,8980,9240,3014579
373,2020-08-13,9200,9300,9110,9210,2968102
374,2020-08-14,9210,9210,9040,9100,1551834
375,2020-08-18,9000,9070,8760,8760,2145369
376,2020-08-19,8750,8860,8750,8760,1080761
377,2020-08-20,8710,8760,8450,8450,1834558
378,2020-08-21,8480,8690,8480,8590,1172932
379,2020-08-24,8640,8700,8500,8680,1293520
380,2020-08-25,8760,8850,8700,8810,1499954
381,2020-08-26,8760,8800,8610,8800,1590558
382,2020-08-27,8720,8750,8610,8610,1033160
383,2020-08-28,8670,8790,8620,8640,1399571
384,2020-08-31,8710,8740,8460,8460,2450013
385,2020-09-01,8480,8630,8470,8580,1328052
386,2020-09-02,8680,8680,8530,8620,1453357
387,2020-09-03,8640,8670,8580,8590,1074525
388,2020-09-04,8460,8530,8420,8460,1638579
389,2020-09-07,8530,8530,8450,8460,1419269
390,2020-09-08,8520,8550,8430,8490,1565828
391,2020-09-09,8450,8480,8360,8420,1414235
392,2020-09-10,8420,8480,8380,8420,1764579
393,2020-09-11,8380,8430,8370,8390,1222159
394,2020-09-14,8430,8540,8400,8530,1171958
395,2020-09-15,8460,8530,8410,8530,1160176
396,2020-09-16,8460,8520,8450,8510,813220
397,2020-09-17,8500,8510,8420,8440,1253269
398,2020-09-18,8490,8490,8410,8410,1274163
399,2020-09-21,8400,8470,8380,8390,975822
400,2020-09-22,8350,8400,8250,8260,1978885
401,2020-09-23,8270,8360,8220,8250,1319212
402,2020-09-24,8240,8240,8080,8080,1282199
403,2020-09-25,8140,8290,8120,8240,1018349
404,2020-09-28,8300,8440,8250,8430,877258
405,2020-09-29,8500,8580,8490,8580,1772722
406,2020-10-05,8600,8730,8550,8650,1627541
407,2020-10-06,8640,8700,8500,8500,1396053
408,2020-10-07,8570,8670,8430,8670,1185924
409,2020-10-08,8670,8750,8600,8660,1754142
410,2020-10-12,8680,8710,8630,8710,1167198
411,2020-10-13,8750,8760,8640,8690,1222174
412,2020-10-14,8660,8710,8520,8560,1378069
413,2020-10-15,8510,8540,8450,8470,1294093
414,2020-10-16,8400,8510,8400,8410,1794370
415,2020-10-19,8480,8700,8480,8600,2289098
416,2020-10-20,8540,8640,8480,8570,1411564
417,2020-10-21,8560,8700,8530,8700,1731288
418,2020-10-22,8690,8900,8650,8880,3198811
419,2020-10-23,8980,9240,8970,9220,3248517
420,2020-10-26,9270,9280,9050,9130,2255177
421,2020-10-27,9030,9040,8760,8830,3478736
422,2020-10-28,8690,9060,8680,9060,2200171
423,2020-10-29,8830,9070,8810,9010,2064091
424,2020-10-30,9000,9070,8880,8890,2372661
425,2020-11-02,8890,9240,8880,9230,1909739
426,2020-11-03,9260,9350,9180,9310,2070668
427,2020-11-04,9400,9410,9210,9300,1947299
428,2020-11-05,9340,9480,9210,9480,2091838
429,2020-11-06,9430,9530,9430,9520,1361278
430,2020-11-09,9540,9680,9540,9610,1207812
431,2020-11-10,10000,10000,9630,9860,2734226
432,2020-11-11,9850,10200,9840,10100,2554346
433,2020-11-12,10000,10100,9910,9950,2548266
434,2020-11-13,9850,9950,9750,9770,1687723
435,2020-11-16,9840,10050,9810,9890,2487395
436,2020-11-17,9910,10100,9860,9910,1877732
437,2020-11-18,9900,10000,9870,10000,1164944
438,2020-11-19,9930,9940,9840,9900,1479302
439,2020-11-20,9850,9990,9840,9970,1627193
440,2020-11-23,9970,10150,9900,10050,1874230
441,2020-11-24,10100,10200,10000,10100,1703438
442,2020-11-25,10200,10300,10050,10150,2023589
443,2020-11-26,10100,10300,10050,10300,1641954
444,2020-11-27,10200,10300,10100,10200,1172490
445,2020-11-30,10300,10300,9830,9830,3694198
446,2020-12-01,9990,10250,9960,10100,1487058
447,2020-12-02,10150,10250,10050,10200,1616469
448,2020-12-03,10200,10200,10050,10100,1848713
449,2020-12-04,10100,10250,10050,10050,1892627
450,2020-12-07,10050,10100,9860,10050,2567586
451,2020-12-08,10050,10050,9920,9950,1669707
452,2020-12-09,9880,10100,9870,10000,1800969
453,2020-12-10,10000,10150,9910,10050,3031392
454,2020-12-11,10150,10300,10100,10300,2085951
455,2020-12-14,10250,10300,10100,10100,1795461
456,2020-12-15,10100,10150,10000,10000,1878547
457,2020-12-16,10100,10150,10050,10050,1223598
458,2020-12-17,10050,10100,9990,10100,1806942
459,2020-12-18,10050,10100,9950,9950,2903942
460,2020-12-21,10000,10050,9960,10000,1390899
461,2020-12-22,10000,10100,9970,9970,1770197
462,2020-12-23,10000,10100,9940,10000,1542164
463,2020-12-24,10050,10150,10000,10150,1884212
464,2020-12-28,10200,10300,10100,10150,4970135
465,2020-12-29,9750,9760,9610,9690,4206637
466,2020-12-30,9650,9750,9500,9730,2031362
467,2021-01-04,9600,9700,9510,9510,2227495
468,2021-01-05,9530,9630,9410,9610,2318934
469,2021-01-06,9590,9730,9450,9580,3594459
470,2021-01-07,9800,9920,9720,9840,4155453
471,2021-01-08,9900,9920,9730,9910,3068580
472,2021-01-11,9910,9910,9610,9720,3646861
473,2021-01-12,9820,9850,9560,9720,2818731
474,2021-01-13,9840,10100,9830,10050,5405431
475,2021-01-14,10100,10200,10000,10100,3357127
476,2021-01-15,10200,10250,9920,9920,2747325
477,2021-01-18,9910,9920,9750,9750,2130656
478,2021-01-19,9800,9970,9770,9900,1897736
479,2021-01-20,9860,9870,9680,9740,2686408
480,2021-01-21,9760,9790,9640,9640,1901090
481,2021-01-22,9630,9640,9500,9520,2337936
482,2021-01-25,9550,9590,9460,9520,1472082
483,2021-01-26,9470,9550,9300,9310,2478368
484,2021-01-27,9400,9440,9300,9330,1294345
485,2021-01-28,9200,9200,9050,9100,1725604
486,2021-01-29,9130,9150,8800,8800,3109326
487,2021-02-01,8880,9090,8800,8990,1686081
488,2021-02-02,9040,9160,8960,9020,1599707
489,2021-02-03,9130,9280,9020,9100,2006185
490,2021-02-04,9120,9120,8910,9010,1734561
491,2021-02-05,9020,9330,9010,9330,2103639
492,2021-02-08,9290,9530,9260,9410,2028560
493,2021-02-09,9410,9500,9310,9410,1629284
494,2021-02-10,9430,9640,9400,9580,2106766
495,2021-02-15,9620,9730,9600,9650,1764113
496,2021-02-16,9610,9650,9530,9620,1312141
497,2021-02-17,9630,9750,9570,9580,1924023
498,2021-02-18,9550,9610,9450,9450,1289629
499,2021-02-19,9410,9590,9380,9590,1234105
500,2021-02-22,9610,9680,9560,9590,1681477
501,2021-02-23,9690,9700,9590,9600,1438638
502,2021-02-24,9620,9780,9620,9660,2631640
503,2021-02-25,9710,9870,9670,9820,1898519
504,2021-02-26,9750,9790,9510,9580,2794858
505,2021-03-02,9650,9800,9600,9730,2057937
506,2021-03-03,9700,9800,9680,9770,1501636
507,2021-03-04,9740,9790,9610,9700,3036412
508,2021-03-05,9700,9770,9580,9610,2326215
509,2021-03-08,9680,9950,9650,9910,3650737
510,2021-03-09,10050,10200,10000,10100,4093277
511,2021-03-10,9950,10100,9850,10050,2651371
512,2021-03-11,10100,10200,10000,10050,3130712
513,2021-03-12,10000,10150,9880,10150,2384241
514,2021-03-15,10300,10300,10050,10100,2114566
515,2021-03-16,10100,10200,10100,10100,1492104
516,2021-03-17,10100,10200,9980,10000,1417642
517,2021-03-18,10000,10100,9890,10050,2447410
518,2021-03-19,10150,10200,10050,10150,2969786
519,2021-03-22,10100,10200,10000,10100,1656492
520,2021-03-23,10100,10200,9990,10050,1372690
521,2021-03-24,10000,10050,9940,9940,1508908
522,2021-03-25,9900,10100,9880,9980,1843536
523,2021-03-26,10050,10100,10000,10000,2007029
524,2021-03-29,10050,10150,10000,10100,1715889
525,2021-03-30,10100,10300,10100,10100,1869799
526,2021-03-31,10200,10200,10100,10100,1501140
527,2021-04-01,10100,10150,10000,10050,1842122
528,2021-04-02,10050,10150,10000,10000,1399373
529,2021-04-05,10000,10050,9980,10050,1325415
530,2021-04-06,10050,10150,10000,10100,1528992
531,2021-04-07,10150,10850,10150,10650,6075671
532,2021-04-08,10650,10750,10450,10600,2787882
533,2021-04-09,10500,10500,10200,10300,19929467
534,2021-04-12,10300,10450,10250,10400,2507164
535,2021-04-13,10450,10450,10300,10350,2097569
536,2021-04-14,10350,10400,10300,10400,1511168
537,2021-04-15,10400,10550,10350,10400,2458383
538,2021-04-16,10400,10450,10250,10250,2358211
539,2021-04-19,10250,10350,10250,10250,1502656
540,2021-04-20,10300,10400,10250,10400,1771442
541,2021-04-21,10300,10350,10050,10150,3713285
542,2021-04-22,10350,10600,10300,10500,5096248
543,2021-04-23,10500,10600,10350,10500,3361830
544,2021-04-26,10600,10700,10500,10600,3273071
545,2021-04-27,10600,10650,10500,10650,2381397
546,2021-04-28,10700,10850,10650,10800,2848658
547,2021-04-29,10850,10850,10650,10750,2288584
548,2021-04-30,10750,10900,10700,10700,2760979
549,2021-05-03,10650,10750,10450,10550,2078620
550,2021-05-04,10500,10650,10400,10500,2176279
551,2021-05-06,10600,10950,10550,10950,4710798
552,2021-05-07,11000,11050,10850,11000,2220802
553,2021-05-10,11000,11350,10900,11300,2750105
554,2021-05-11,11250,11450,11050,11300,2628447
555,2021-05-12,11200,11300,10850,11050,3495281
556,2021-05-13,10900,11250,10850,11050,3489558
557,2021-05-14,11100,11200,11000,11100,1811715
558,2021-05-17,11150,11200,11000,11100,1730845
559,2021-05-18,11150,11400,11100,11300,2048082
560,2021-05-20,11150,11350,11100,11150,2346101
561,2021-05-21,11150,11200,10850,10900,2082681
562,2021-05-24,10950,11150,10800,11050,2565613
563,2021-05-25,11050,11100,10950,11050,1602100
564,2021-05-26,11000,11050,10900,11000,1566228
565,2021-05-27,10950,11000,10800,10900,6795728
566,2021-05-28,10950,11150,10950,11050,1762697
567,2021-05-31,11100,11150,11000,11150,1629266
568,2021-06-01,11150,11200,11050,11200,1115860
569,2021-06-02,11200,11250,11100,11250,1967544
570,2021-06-03,11250,11400,11200,11350,2273857
571,2021-06-04,11300,11800,11300,11600,3627664
572,2021-06-07,11600,11700,11500,11650,1603072
573,2021-06-08,11700,11750,11600,11650,1488815
574,2021-06-09,11600,11700,11500,11550,1617817
575,2021-06-10,11450,11550,11400,11400,2268582
576,2021-06-11,11350,11450,11250,11400,2261261
577,2021-06-14,11400,11450,11250,11300,1593112
578,2021-06-15,11250,11450,11150,11450,2011985
579,2021-06-16,11500,11950,11450,11900,3850099
580,2021-06-17,11950,12050,11700,11800,2406963
581,2021-06-18,11700,11750,11500,11600,3666947
582,2021-06-21,11400,11500,11250,11300,2514557
583,2021-06-22,11450,11550,11400,11450,1891760
584,2021-06-23,11450,11500,11300,11350,1600983
585,2021-06-24,11350,11650,11350,11650,1749084
586,2021-06-25,11750,11850,11750,11850,2048514
587,2021-06-28,11900,12100,11800,11950,2870340
588,2021-06-29,11750,11800,11600,11600,1834645
589,2021-06-30,11650,11650,11400,11450,2025219
590,2021-07-01,11500,11550,11400,11450,1397567
591,2021-07-02,11450,11600,11450,11550,1249393
592,2021-07-05,11650,11700,11550,11600,1514389
593,2021-07-06,11650,11700,11550,11600,1238666
594,2021-07-07,11550,11600,11350,11450,1985699
595,2021-07-08,11400,11650,11400,11450,1797210
596,2021-07-09,11300,11350,11000,11150,3186277
597,2021-07-12,11250,11450,11200,11250,1929374
598,2021-07-13,11350,11450,11300,11400,1266617
599,2021-07-14,11350,11400,11250,11350,998476
600,2021-07-15,11350,11400,11250,11350,1143805
601,2021-07-16,11350,11400,11250,11350,1053379
602,2021-07-19,11350,11350,11250,11300,1205816
603,2021-07-20,11100,11250,11100,11250,1092941
604,2021-07-21,11300,11400,11200,11250,1488310
605,2021-07-22,11500,11650,11450,11650,3901897
606,2021-07-23,11400,11450,11200,11200,36701721
607,2021-07-26,11200,11250,11000,11000,3983685
608,2021-07-27,11100,11200,11050,11100,2944072
609,2021-07-28,11050,11150,11000,11100,3192146
610,2021-07-29,11100,11150,11000,11050,3295893
611,2021-07-30,11050,11100,10850,10850,3326823
612,2021-08-02,10900,10950,10800,10850,1608934
613,2021-08-03,10850,10950,10800,10950,1754510
614,2021-08-04,11000,11200,10950,11200,2789648
615,2021-08-05,11150,11200,11050,11050,1974282
616,2021-08-06,11100,11200,11000,11050,2029751
617,2021-08-09,11150,11200,11100,11100,2017747
618,2021-08-10,11150,11250,11000,11100,2144479
619,2021-08-11,11150,11300,11100,11250,3163116
620,2021-08-12,11300,11350,11150,11200,2936782
621,2021-08-13,11300,11300,11000,11100,2491841
622,2021-08-17,11050,11150,10950,11050,2471075
623,2021-08-18,11050,11100,11000,11050,2032249
624,2021-08-19,11000,11050,10700,10750,3094696
625,2021-08-20,10750,10800,10450,10550,2815436
626,2021-08-23,10600,10800,10550,10700,1637399
627,2021-08-24,10800,11000,10750,10950,2153553
628,2021-08-25,10950,11050,10900,11000,1536421
629,2021-08-26,11050,11200,11000,11200,2326079
630,2021-08-27,11150,11350,11100,11350,2173145
631,2021-08-30,11350,11400,11050,11050,2422974
632,2021-08-31,11050,11250,10900,11250,3037236
633,2021-09-01,11200,11300,11100,11300,1627546
634,2021-09-02,11200,11350,11200,11250,2585524
635,2021-09-03,11300,11300,11150,11250,1604712
636,2021-09-06,11250,11300,11050,11100,2306295
637,2021-09-07,11050,11150,10950,11000,1305667
638,2021-09-08,10950,11150,10900,11100,1920057
639,2021-09-09,11000,11100,10650,10800,5995776
640,2021-09-10,10850,10950,10800,10950,2122524
641,2021-09-13,10950,11000,10850,11000,1970736
642,2021-09-14,11050,11150,11050,11100,2147981
643,2021-09-15,11000,11150,10950,11000,2027652
644,2021-09-16,11000,11050,10850,11000,2800947
645,2021-09-17,10950,11050,10850,11050,2159916
